Application,ProcessID,SwapChainAddress,PresentRuntime,SyncInterval,PresentFlags,AllowsTearing,PresentMode,FrameType,CPUStartTime,FrameTime,CPUBusy,CPUWait,DisplayLatency,DisplayedTime,AnimationError,AnimationTime,MsFlipDelay,InstrumentedLatency
Stalker2-Win64-Shipping.exe,8048,0x17D20F500,DXGI,0,0,1,Hardware Composed: Independent Flip,Application,74.1691,46.9865,46.6578,0.3287,89.1051,48.0066,0.0437,47.2277,NA,55.9384
Stalker2-Win64-Shipping.exe,8048,0x17D20F500,DXGI,0,0,1,Hardware Composed: Independent Flip,Application,121.1556,48.1730,47.9027,0.2703,90.1252,47.5227,-0.3164,94.9179,NA,56.2548
Stalker2-Win64-Shipping.exe,8048,0x17D20F500,DXGI,0,0,1,Hardware Composed: Independent Flip,Application,169.3286,47.8878,47.5543,0.3335,89.4749,48.5651,0.3780,142.8186,NA,55.8768
Stalker2-Win64-Shipping.exe,8048,0x17D20F500,DXGI,0,0,1,Hardware Composed: Independent Flip,Application,217.2164,48.3755,48.0772,0.2983,90.1522,48.7503,-0.6975,190.6862,NA,56.5743
Stalker2-Win64-Shipping.exe,8048,0x17D20F500,DXGI,0,0,1,Hardware Composed: Independent Flip,Application,265.5919,47.0080,46.7066,0.3014,90.5270,47.8194,-1.2059,238.2306,NA,57.7802
Stalker2-Win64-Shipping.exe,8048,0x17D20F500,DXGI,0,0,1,Hardware Composed: Independent Flip,Application,312.5999,46.9214,46.6486,0.2728,91.3384,45.7281,-0.5150,285.5350,NA,58.2952
Stalker2-Win64-Shipping.exe,8048,0x17D20F500,DXGI,0,0,1,Hardware Composed: Independent Flip,Application,359.5213,46.9775,46.6803,0.2972,90.1451,46.8907,1.2999,332.5630,NA,56.9953
Stalker2-Win64-Shipping.exe,8048,0x17D20F500,DXGI,0,0,1,Hardware Composed: Independent Flip,Application,406.4988,47.2287,46.9594,0.2693,90.0583,46.0797,-0.1107,379.3430,NA,57.1060
Stalker2-Win64-Shipping.exe,8048,0x17D20F500,DXGI,0,0,1,Hardware Composed: Independent Flip,Application,453.7275,45.9926,45.6975,0.2951,88.9093,46.2919,0.6216,426.0443,NA,56.4844
Stalker2-Win64-Shipping.exe,8048,0x17D20F500,DXGI,0,0,1,Hardware Composed: Independent Flip,Application,499.7201,47.4097,47.1253,0.2844,89.2086,49.8114,0.7662,473.1024,NA,55.7182
Stalker2-Win64-Shipping.exe,8048,0x17D20F500,DXGI,0,0,1,Hardware Composed: Independent Flip,Application,547.1298,48.5971,48.2955,0.3016,91.6103,46.4283,-2.0235,520.8903,NA,57.7417
Stalker2-Win64-Shipping.exe,8048,0x17D20F500,DXGI,0,0,1,Hardware Composed: Independent Flip,Application,595.7269,46.8305,46.5497,0.2808,89.4415,47.9092,1.0025,568.3211,NA,56.7392
Stalker2-Win64-Shipping.exe,8048,0x17D20F500,DXGI,0,0,1,Hardware Composed: Independent Flip,Application,642.5574,47.1404,46.8428,0.2976,90.5202,47.4022,-0.4018,615.8285,NA,57.1410
Stalker2-Win64-Shipping.exe,8048,0x17D20F500,DXGI,0,0,1,Hardware Composed: Independent Flip,Application,689.6978,47.1498,46.8837,0.2661,90.7820,45.3156,-0.2199,663.0108,NA,57.3609
Stalker2-Win64-Shipping.exe,8048,0x17D20F500,DXGI,0,0,1,Hardware Composed: Independent Flip,Application,736.8476,47.1346,46.8228,0.3118,88.9478,47.1254,1.6323,709.9587,NA,55.7286
Stalker2-Win64-Shipping.exe,8048,0x17D20F500,DXGI,0,0,1,Hardware Composed: Independent Flip,Application,783.9822,46.8798,46.5717,0.3081,88.9386,46.8299,-0.2332,756.8509,NA,55.9618
Stalker2-Win64-Shipping.exe,8048,0x17D20F500,DXGI,0,0,1,Hardware Composed: Independent Flip,Application,830.8620,46.8621,46.5626,0.2995,88.8887,49.9602,-0.0746,803.6062,NA,56.0364
Stalker2-Win64-Shipping.exe,8048,0x17D20F500,DXGI,0,0,1,Hardware Composed: Independent Flip,Application,877.7241,47.8347,47.5450,0.2897,91.9868,46.9873,-2.7481,850.8183,NA,58.7845
Stalker2-Win64-Shipping.exe,8048,0x17D20F500,DXGI,0,0,1,Hardware Composed: Independent Flip,Application,925.5588,46.4154,46.1394,0.2760,91.1394,44.6671,0.2968,898.1024,NA,58.4877
Stalker2-Win64-Shipping.exe,8048,0x17D20F500,DXGI,0,0,1,Hardware Composed: Independent Flip,Application,971.9742,47.5033,47.1650,0.3383,89.3911,47.6697,2.3371,945.1066,NA,56.1506
Stalker2-Win64-Shipping.exe,8048,0x17D20F500,DXGI,0,0,1,Hardware Composed: Independent Flip,Application,1019.4775,46.5845,46.2852,0.2993,89.5575,46.8971,-0.8762,991.9001,NA,57.0268
Stalker2-Win64-Shipping.exe,8048,0x17D20F500,DXGI,0,0,1,Hardware Composed: Independent Flip,Application,1066.0620,46.5158,46.1876,0.3282,89.8701,46.5932,-0.2025,1038.5947,NA,57.2293
Stalker2-Win64-Shipping.exe,8048,0x17D20F500,DXGI,0,0,1,Hardware Composed: Independent Flip,Application,1112.5778,47.3517,47.0585,0.2932,89.9475,47.0480,0.9123,1086.1002,NA,56.3170
Stalker2-Win64-Shipping.exe,8048,0x17D20F500,DXGI,0,0,1,Hardware Composed: Independent Flip,Application,1159.9295,47.2427,46.9062,0.3365,89.6438,46.9244,0.1334,1133.2816,NA,56.1836
Stalker2-Win64-Shipping.exe,8048,0x17D20F500,DXGI,0,0,1,Hardware Composed: Independent Flip,Application,1207.1722,47.0568,46.7621,0.2947,89.3255,47.6608,0.1318,1180.3378,NA,56.0518
Stalker2-Win64-Shipping.exe,8048,0x17D20F500,DXGI,0,0,1,Hardware Composed: Independent Flip,Application,1254.2290,47.7433,47.4484,0.2949,89.9295,48.8773,-0.2768,1227.7218,NA,56.3286
Stalker2-Win64-Shipping.exe,8048,0x17D20F500,DXGI,0,0,1,Hardware Composed: Independent Flip,Application,1301.9723,47.8553,47.3192,0.5361,91.0635,46.9418,-1.1266,1275.4725,NA,57.4552
Stalker2-Win64-Shipping.exe,8048,0x17D20F500,DXGI,0,0,1,Hardware Composed: Independent Flip,Application,1349.8276,47.0069,46.7523,0.2546,90.1500,47.8875,0.3690,1322.7833,NA,57.0862
Stalker2-Win64-Shipping.exe,8048,0x17D20F500,DXGI,0,0,1,Hardware Composed: Independent Flip,Application,1396.8345,47.2808,47.0160,0.2648,91.0306,47.4716,-0.5419,1370.1289,NA,57.6281
Stalker2-Win64-Shipping.exe,8048,0x17D20F500,DXGI,0,0,1,Hardware Composed: Independent Flip,Application,1444.1153,47.1964,46.9336,0.2628,91.2214,45.7462,-0.2551,1417.3454,NA,57.8832
Stalker2-Win64-Shipping.exe,8048,0x17D20F500,DXGI,0,0,1,Hardware Composed: Independent Flip,Application,1491.3117,47.1559,46.8982,0.2577,89.7712,47.1067,1.2978,1464.3894,NA,56.5854
Stalker2-Win64-Shipping.exe,8048,0x17D20F500,DXGI,0,0,1,Hardware Composed: Independent Flip,Application,1538.4676,48.1172,47.8725,0.2447,89.7220,47.0582,0.2688,1511.7649,NA,56.3166
Stalker2-Win64-Shipping.exe,8048,0x17D20F500,DXGI,0,0,1,Hardware Composed: Independent Flip,Application,1586.5848,47.1690,46.8909,0.2781,88.6630,48.2104,0.5537,1559.3768,NA,55.7629
Stalker2-Win64-Shipping.exe,8048,0x17D20F500,DXGI,0,0,1,Hardware Composed: Independent Flip,Application,1633.7538,47.9657,47.6873,0.2784,89.7044,49.6423,-0.2240,1607.3632,NA,55.9869
Stalker2-Win64-Shipping.exe,8048,0x17D20F500,DXGI,0,0,1,Hardware Composed: Independent Flip,Application,1681.7195,47.7568,47.4652,0.2916,91.3810,46.5276,-1.4069,1655.5986,NA,57.3938
Stalker2-Win64-Shipping.exe,8048,0x17D20F500,DXGI,0,0,1,Hardware Composed: Independent Flip,Application,1729.4763,48.2748,47.9849,0.2899,90.1518,48.4691,1.5269,1703.6531,NA,55.8669
Stalker2-Win64-Shipping.exe,8048,0x17D20F500,DXGI,0,0,1,Hardware Composed: Independent Flip,Application,1777.7511,47.6891,47.4118,0.2773,90.3461,47.3637,-1.0055,1751.1167,NA,56.8724
Stalker2-Win64-Shipping.exe,8048,0x17D20F500,DXGI,0,0,1,Hardware Composed: Independent Flip,Application,1825.4402,47.1076,46.8371,0.2705,90.0207,46.0493,-0.4984,1797.9820,NA,57.3708
Stalker2-Win64-Shipping.exe,8048,0x17D20F500,DXGI,0,0,1,Hardware Composed: Independent Flip,Application,1872.5478,47.1740,46.8877,0.2863,88.9624,47.0222,0.8352,1844.8665,NA,56.5356
Stalker2-Win64-Shipping.exe,8048,0x17D20F500,DXGI,0,0,1,Hardware Composed: Independent Flip,Application,1919.7218,46.5032,46.2062,0.2970,88.8106,48.7054,-0.0601,1891.8286,NA,56.5957
Stalker2-Win64-Shipping.exe,8048,0x17D20F500,DXGI,0,0,1,Hardware Composed: Independent Flip,Application,1966.2250,47.8696,47.5654,0.3042,91.0128,48.6554,-1.8963,1938.6377,NA,58.4920
Stalker2-Win64-Shipping.exe,8048,0x17D20F500,DXGI,0,0,1,Hardware Composed: Independent Flip,Application,2014.0946,45.8313,45.5672,0.2641,91.7986,45.5521,-1.7861,1985.5070,NA,60.2781
Stalker2-Win64-Shipping.exe,8048,0x17D20F500,DXGI,0,0,1,Hardware Composed: Independent Flip,Application,2059.9259,46.5132,46.2266,0.2866,91.5194,45.8388,1.1358,2032.1949,NA,59.1423
Stalker2-Win64-Shipping.exe,8048,0x17D20F500,DXGI,0,0,1,Hardware Composed: Independent Flip,Application,2106.4391,46.6323,46.3361,0.2962,90.8450,45.4430,0.6742,2078.7079,NA,58.4681
Stalker2-Win64-Shipping.exe,8048,0x17D20F500,DXGI,0,0,1,Hardware Composed: Independent Flip,Application,2153.0714,46.1821,45.8730,0.3091,89.6557,46.5238,1.0961,2125.2470,NA,57.3720
Stalker2-Win64-Shipping.exe,8048,0x17D20F500,DXGI,0,0,1,Hardware Composed: Independent Flip,Application,2199.2535,47.1455,46.8785,0.2670,89.9974,47.9787,0.4110,2172.1818,NA,56.9610
Stalker2-Win64-Shipping.exe,8048,0x17D20F500,DXGI,0,0,1,Hardware Composed: Independent Flip,Application,2246.3990,47.7653,47.4736,0.2917,90.8306,47.0070,-0.3069,2219.8536,NA,57.2679
Stalker2-Win64-Shipping.exe,8048,0x17D20F500,DXGI,0,0,1,Hardware Composed: Independent Flip,Application,2294.1643,47.3895,47.1073,0.2822,90.0723,47.1023,0.6996,2267.5602,NA,56.5683
Stalker2-Win64-Shipping.exe,8048,0x17D20F500,DXGI,0,0,1,Hardware Composed: Independent Flip,Application,2341.5538,47.8581,47.5797,0.2784,89.7851,48.0427,0.4749,2315.1374,NA,56.0934
Stalker2-Win64-Shipping.exe,8048,0x17D20F500,DXGI,0,0,1,Hardware Composed: Independent Flip,Application,2389.4119,47.6379,47.3251,0.3128,89.9697,46.8569,-0.7178,2362.4623,NA,56.8112
Stalker2-Win64-Shipping.exe,8048,0x17D20F500,DXGI,0,0,1,Hardware Composed: Independent Flip,Application,2437.0498,46.3677,46.0749,0.2928,89.1887,47.7192,0.5243,2409.8435,NA,56.2869
Stalker2-Win64-Shipping.exe,8048,0x17D20F500,DXGI,0,0,1,Hardware Composed: Independent Flip,Application,2483.4175,47.4801,47.1986,0.2815,90.5402,48.7953,-0.3986,2457.1641,NA,56.6855
Stalker2-Win64-Shipping.exe,8048,0x17D20F500,DXGI,0,0,1,Hardware Composed: Independent Flip,Application,2530.8976,48.4011,48.0805,0.3206,91.8554,47.2461,-1.5554,2504.4040,NA,58.2409
Stalker2-Win64-Shipping.exe,8048,0x17D20F500,DXGI,0,0,1,Hardware Composed: Independent Flip,Application,2579.2987,46.0394,45.7446,0.2948,90.7004,46.5254,-0.3178,2551.3323,NA,58.5587
Stalker2-Win64-Shipping.exe,8048,0x17D20F500,DXGI,0,0,1,Hardware Composed: Independent Flip,Application,2625.3381,47.8963,47.6087,0.2876,91.1864,46.3622,0.5064,2598.3641,NA,58.0523
Stalker2-Win64-Shipping.exe,8048,0x17D20F500,DXGI,0,0,1,Hardware Composed: Independent Flip,Application,2673.2344,46.5029,46.2225,0.2804,89.6523,46.0928,0.7950,2645.5213,NA,57.2573
Stalker2-Win64-Shipping.exe,8048,0x17D20F500,DXGI,0,0,1,Hardware Composed: Independent Flip,Application,2719.7373,47.3950,47.1106,0.2844,89.2422,47.8260,1.1475,2692.7616,NA,56.1098
Stalker2-Win64-Shipping.exe,8048,0x17D20F500,DXGI,0,0,1,Hardware Composed: Independent Flip,Application,2767.1323,47.0572,46.7931,0.2641,89.6732,49.0547,-0.2917,2740.2959,NA,56.4015
Stalker2-Win64-Shipping.exe,8048,0x17D20F500,DXGI,0,0,1,Hardware Composed: Independent Flip,Application,2814.1895,48.8798,48.5627,0.3171,91.6707,48.1433,-1.0174,2788.3332,NA,57.4189
Stalker2-Win64-Shipping.exe,8048,0x17D20F500,DXGI,0,0,1,Hardware Composed: Independent Flip,Application,2863.0693,47.8008,47.5459,0.2549,90.9342,46.1646,-0.0757,2836.4008,NA,57.4946
Stalker2-Win64-Shipping.exe,8048,0x17D20F500,DXGI,0,0,1,Hardware Composed: Independent Flip,Application,2910.8701,47.2360,46.9379,0.2981,89.2980,47.4329,1.6248,2884.1902,NA,55.8698
Stalker2-Win64-Shipping.exe,8048,0x17D20F500,DXGI,0,0,1,Hardware Composed: Independent Flip,Application,2958.1061,47.6062,47.3144,0.2918,89.4949,47.6537,0.1513,2931.7744,NA,55.7185
Stalker2-Win64-Shipping.exe,8048,0x17D20F500,DXGI,0,0,1,Hardware Composed: Independent Flip,Application,3005.7123,47.8430,47.5013,0.3417,89.5424,47.5145,-0.1057,2979.3224,NA,55.8242
Stalker2-Win64-Shipping.exe,8048,0x17D20F500,DXGI,0,0,1,Hardware Composed: Independent Flip,Application,3053.5553,47.2944,46.9976,0.2968,89.2139,48.6064,0.0059,3026.8428,NA,55.8183
Stalker2-Win64-Shipping.exe,8048,0x17D20F500,DXGI,0,0,1,Hardware Composed: Independent Flip,Application,3100.8497,47.8680,47.5738,0.2942,90.5259,48.5119,-1.1143,3074.3349,NA,56.9326
Stalker2-Win64-Shipping.exe,8048,0x17D20F500,DXGI,0,0,1,Hardware Composed: Independent Flip,Application,3148.7177,46.6659,46.3827,0.2832,91.1698,45.6015,-1.3378,3121.5090,NA,58.2704
Stalker2-Win64-Shipping.exe,8048,0x17D20F500,DXGI,0,0,1,Hardware Composed: Independent Flip,Application,3195.3836,47.1533,46.8547,0.2986,90.1054,45.7851,1.2154,3168.3259,NA,57.0550
Stalker2-Win64-Shipping.exe,8048,0x17D20F500,DXGI,0,0,1,Hardware Composed: Independent Flip,Application,3242.5369,46.6900,46.4202,0.2698,88.7372,47.9041,0.8653,3214.9763,NA,56.1897
Stalker2-Win64-Shipping.exe,8048,0x17D20F500,DXGI,0,0,1,Hardware Composed: Independent Flip,Application,3289.2269,47.6738,47.3399,0.3339,89.9513,45.9878,-1.4069,3261.4735,NA,57.5966
Stalker2-Win64-Shipping.exe,8048,0x17D20F500,DXGI,0,0,1,Hardware Composed: Independent Flip,Application,3336.9007,45.2641,44.9483,0.3158,88.2653,47.7699,0.7526,3308.2139,NA,56.8440
Stalker2-Win64-Shipping.exe,8048,0x17D20F500,DXGI,0,0,1,Hardware Composed: Independent Flip,Application,3382.1648,47.2143,46.9334,0.2809,90.7711,47.7072,-0.3697,3355.6141,NA,57.2137
Stalker2-Win64-Shipping.exe,8048,0x17D20F500,DXGI,0,0,1,Hardware Composed: Independent Flip,Application,3429.3791,47.4890,47.2215,0.2675,91.2640,46.4632,-0.5028,3402.8185,NA,57.7165
Stalker2-Win64-Shipping.exe,8048,0x17D20F500,DXGI,0,0,1,Hardware Composed: Independent Flip,Application,3476.8681,47.4066,47.0650,0.3416,90.2382,46.3446,0.5995,3449.8812,NA,57.1170
Stalker2-Win64-Shipping.exe,8048,0x17D20F500,DXGI,0,0,1,Hardware Composed: Independent Flip,Application,3524.2747,46.7852,46.5245,0.2607,89.1762,47.7345,0.5942,3496.8200,NA,56.5228
Stalker2-Win64-Shipping.exe,8048,0x17D20F500,DXGI,0,0,1,Hardware Composed: Independent Flip,Application,3571.0599,47.6569,47.3478,0.3091,90.1255,46.8995,-0.6993,3543.8552,NA,57.2221
Stalker2-Win64-Shipping.exe,8048,0x17D20F500,DXGI,0,0,1,Hardware Composed: Independent Flip,Application,3618.7168,46.6997,46.4300,0.2697,89.3681,47.3721,0.5130,3591.2677,NA,56.7091
Stalker2-Win64-Shipping.exe,8048,0x17D20F500,DXGI,0,0,1,Hardware Composed: Independent Flip,Application,3665.4165,47.3881,47.0878,0.3003,90.0405,48.4927,0.0573,3638.6971,NA,56.6518
Stalker2-Win64-Shipping.exe,8048,0x17D20F500,DXGI,0,0,1,Hardware Composed: Independent Flip,Application,3712.8046,47.2240,46.9285,0.2955,91.1451,46.0917,-1.0101,3686.1797,NA,57.6619
Stalker2-Win64-Shipping.exe,8048,0x17D20F500,DXGI,0,0,1,Hardware Composed: Independent Flip,Application,3760.0286,47.6487,47.3024,0.3463,90.0128,47.2827,1.2640,3733.5354,NA,56.3979
Stalker2-Win64-Shipping.exe,8048,0x17D20F500,DXGI,0,0,1,Hardware Composed: Independent Flip,Application,3807.6773,47.2405,46.9440,0.2965,89.6468,46.9641,-0.0428,3780.7753,NA,56.4407
Stalker2-Win64-Shipping.exe,8048,0x17D20F500,DXGI,0,0,1,Hardware Composed: Independent Flip,Application,3854.9178,47.2536,46.8476,0.4060,89.3704,47.6816,0.0429,3827.7823,NA,56.3978
Stalker2-Win64-Shipping.exe,8048,0x17D20F500,DXGI,0,0,1,Hardware Composed: Independent Flip,Application,3902.1714,47.6610,47.4069,0.2541,89.7984,48.6816,-0.5014,3874.9625,NA,56.8992
Stalker2-Win64-Shipping.exe,8048,0x17D20F500,DXGI,0,0,1,Hardware Composed: Independent Flip,Application,3949.8324,47.9036,47.5337,0.3699,90.8190,46.9369,-1.1865,3922.4576,NA,58.0857
Stalker2-Win64-Shipping.exe,8048,0x17D20F500,DXGI,0,0,1,Hardware Composed: Independent Flip,Application,3997.7360,46.4231,46.1251,0.2980,89.8523,46.1116,0.4922,3969.8867,NA,57.5935
Stalker2-Win64-Shipping.exe,8048,0x17D20F500,DXGI,0,0,1,Hardware Composed: Independent Flip,Application,4044.1591,47.1964,46.8869,0.3095,89.5408,47.6650,1.3033,4017.3016,NA,56.2902
Stalker2-Win64-Shipping.exe,8048,0x17D20F500,DXGI,0,0,1,Hardware Composed: Independent Flip,Application,4091.3555,47.2327,46.9102,0.3225,90.0094,46.4417,-0.5619,4064.4047,NA,56.8521
Stalker2-Win64-Shipping.exe,8048,0x17D20F500,DXGI,0,0,1,Hardware Composed: Independent Flip,Application,4138.5882,46.7000,46.4015,0.2985,89.2184,47.8784,0.4696,4111.3160,NA,56.3825
Stalker2-Win64-Shipping.exe,8048,0x17D20F500,DXGI,0,0,1,Hardware Composed: Independent Flip,Application,4185.2882,47.8276,47.5022,0.3254,90.3968,47.8584,-0.9452,4158.2492,NA,57.3277
Stalker2-Win64-Shipping.exe,8048,0x17D20F500,DXGI,0,0,1,Hardware Composed: Independent Flip,Application,4233.1158,47.6245,47.3492,0.2753,90.4276,47.2576,-0.5183,4205.5893,NA,57.8460
Stalker2-Win64-Shipping.exe,8048,0x17D20F500,DXGI,0,0,1,Hardware Composed: Independent Flip,Application,4280.7403,46.9925,46.6936,0.2989,90.0607,45.8611,-0.1274,4252.7195,NA,57.9734
Stalker2-Win64-Shipping.exe,8048,0x17D20F500,DXGI,0,0,1,Hardware Composed: Independent Flip,Application,4327.7328,46.2528,45.9959,0.2569,88.9293,47.0306,1.2868,4299.8674,NA,56.6866
Stalker2-Win64-Shipping.exe,8048,0x17D20F500,DXGI,0,0,1,Hardware Composed: Independent Flip,Application,4373.9856,47.2040,46.8956,0.3084,89.7071,47.8465,0.1675,4347.0655,NA,56.5191
Stalker2-Win64-Shipping.exe,8048,0x17D20F500,DXGI,0,0,1,Hardware Composed: Independent Flip,Application,4421.1896,47.2460,46.8744,0.3716,90.3496,46.1911,-0.5627,4394.3493,NA,57.0818
Stalker2-Win64-Shipping.exe,8048,0x17D20F500,DXGI,0,0,1,Hardware Composed: Independent Flip,Application,4468.4356,46.8369,46.5424,0.2945,89.2947,48.0596,0.8319,4441.3723,NA,56.2499
Stalker2-Win64-Shipping.exe,8048,0x17D20F500,DXGI,0,0,1,Hardware Composed: Independent Flip,Application,4515.2725,47.6127,47.3306,0.2821,90.5174,47.6403,-0.7029,4488.7290,NA,56.9528
Stalker2-Win64-Shipping.exe,8048,0x17D20F500,DXGI,0,0,1,Hardware Composed: Independent Flip,Application,4562.8852,46.9122,46.6165,0.2957,90.5450,46.1570,-0.4372,4535.9321,NA,57.3900
Stalker2-Win64-Shipping.exe,8048,0x17D20F500,DXGI,0,0,1,Hardware Composed: Independent Flip,Application,4609.7974,47.3550,47.0731,0.2819,89.7898,46.6736,0.9754,4583.0645,NA,56.4146
Stalker2-Win64-Shipping.exe,8048,0x17D20F500,DXGI,0,0,1,Hardware Composed: Independent Flip,Application,4657.1524,47.2734,46.9350,0.3384,89.1084,46.7123,0.2698,4630.0079,NA,56.1448
Stalker2-Win64-Shipping.exe,8048,0x17D20F500,DXGI,0,0,1,Hardware Composed: Independent Flip,Application,4704.4258,46.5057,46.1775,0.3282,88.5473,47.7271,0.2595,4676.9797,NA,55.8853
Stalker2-Win64-Shipping.exe,8048,0x17D20F500,DXGI,0,0,1,Hardware Composed: Independent Flip,Application,4750.9315,47.4440,47.1280,0.3160,89.7687,48.5771,-0.5274,4724.1794,NA,56.4127
Stalker2-Win64-Shipping.exe,8048,0x17D20F500,DXGI,0,0,1,Hardware Composed: Independent Flip,Application,4798.3755,47.8407,47.5687,0.2720,90.9018,47.4998,-1.1093,4771.6472,NA,57.5220
Stalker2-Win64-Shipping.exe,8048,0x17D20F500,DXGI,0,0,1,Hardware Composed: Independent Flip,Application,4846.2162,46.8883,46.5721,0.3162,90.5609,46.1727,-0.1624,4818.9846,NA,57.6844
Stalker2-Win64-Shipping.exe,8048,0x17D20F500,DXGI,0,0,1,Hardware Composed: Independent Flip,Application,4893.1045,47.1254,46.8628,0.2626,89.8453,46.8818,1.0014,4866.1587,NA,56.6830
Stalker2-Win64-Shipping.exe,8048,0x17D20F500,DXGI,0,0,1,Hardware Composed: Independent Flip,Application,4940.2299,46.6776,46.3882,0.2894,89.6017,47.8694,0.0161,4913.0566,NA,56.6669
Stalker2-Win64-Shipping.exe,8048,0x17D20F500,DXGI,0,0,1,Hardware Composed: Independent Flip,Application,4986.9075,47.9942,47.7055,0.2887,90.7935,45.6275,-0.9675,4959.9585,NA,57.6344
Stalker2-Win64-Shipping.exe,8048,0x17D20F500,DXGI,0,0,1,Hardware Composed: Independent Flip,Application,5034.9017,46.2502,45.9587,0.2915,88.4268,47.3991,1.2947,5006.8807,NA,56.3397
Stalker2-Win64-Shipping.exe,8048,0x17D20F500,DXGI,0,0,1,Hardware Composed: Independent Flip,Application,5081.1519,46.9795,46.6334,0.3461,89.5757,47.8904,-0.1952,5054.0846,NA,56.5349
Stalker2-Win64-Shipping.exe,8048,0x17D20F500,DXGI,0,0,1,Hardware Composed: Independent Flip,Application,5128.1314,47.5425,47.2570,0.2855,90.4866,46.6811,-0.5260,5101.4490,NA,57.0609
Stalker2-Win64-Shipping.exe,8048,0x17D20F500,DXGI,0,0,1,Hardware Composed: Independent Flip,Application,5175.6739,47.4273,47.0337,0.3936,89.6252,48.1108,0.9118,5149.0419,NA,56.1491
Stalker2-Win64-Shipping.exe,8048,0x17D20F500,DXGI,0,0,1,Hardware Composed: Independent Flip,Application,5223.1012,47.8322,47.5363,0.2959,90.3087,48.1832,-0.7197,5196.4330,NA,56.8688
Stalker2-Win64-Shipping.exe,8048,0x17D20F500,DXGI,0,0,1,Hardware Composed: Independent Flip,Application,5270.9334,47.3753,47.0544,0.3209,90.6597,46.9188,-0.9898,5243.6264,NA,57.8586
Stalker2-Win64-Shipping.exe,8048,0x17D20F500,DXGI,0,0,1,Hardware Composed: Independent Flip,Application,5318.3087,47.1123,46.8231,0.2892,90.2032,45.6097,0.2233,5290.7685,NA,57.6353
Stalker2-Win64-Shipping.exe,8048,0x17D20F500,DXGI,0,0,1,Hardware Composed: Independent Flip,Application,5365.4210,46.5008,46.2548,0.2460,88.7006,48.1080,1.3822,5337.7604,NA,56.2531
Stalker2-Win64-Shipping.exe,8048,0x17D20F500,DXGI,0,0,1,Hardware Composed: Independent Flip,Application,5411.9218,47.5806,47.3292,0.2514,90.3078,45.6844,-1.1685,5384.6999,NA,57.4216
Stalker2-Win64-Shipping.exe,8048,0x17D20F500,DXGI,0,0,1,Hardware Composed: Independent Flip,Application,5459.5024,45.9607,45.7188,0.2419,88.4116,48.4682,1.2977,5431.6820,NA,56.1239
Stalker2-Win64-Shipping.exe,8048,0x17D20F500,DXGI,0,0,1,Hardware Composed: Independent Flip,Application,5505.4631,48.9009,48.6213,0.2796,90.9191,47.1106,-1.0505,5479.0997,NA,57.1744
Stalker2-Win64-Shipping.exe,8048,0x17D20F500,DXGI,0,0,1,Hardware Composed: Independent Flip,Application,5554.3640,45.9836,45.7400,0.2436,89.1288,46.9960,0.3856,5526.5959,NA,56.7888
Stalker2-Win64-Shipping.exe,8048,0x17D20F500,DXGI,0,0,1,Hardware Composed: Independent Flip,Application,5600.3476,47.7819,47.5048,0.2771,90.1412,49.0540,0.3413,5573.9332,NA,56.4475
Stalker2-Win64-Shipping.exe,8048,0x17D20F500,DXGI,0,0,1,Hardware Composed: Independent Flip,Application,5648.1295,47.3306,47.0825,0.2481,91.4133,45.9902,-1.6804,5621.3068,NA,58.1279
Stalker2-Win64-Shipping.exe,8048,0x17D20F500,DXGI,0,0,1,Hardware Composed: Independent Flip,Application,5695.4601,47.4586,47.1990,0.2596,90.0729,46.3271,1.0734,5668.3704,NA,57.0545
Stalker2-Win64-Shipping.exe,8048,0x17D20F500,DXGI,0,0,1,Hardware Composed: Independent Flip,Application,5742.9187,46.7816,46.5234,0.2582,88.9414,46.4987,0.6723,5715.3698,NA,56.3822
Stalker2-Win64-Shipping.exe,8048,0x17D20F500,DXGI,0,0,1,Hardware Composed: Independent Flip,Application,5789.7003,46.7162,46.4510,0.2652,88.6585,47.4087,0.1954,5762.0639,NA,56.1868
Stalker2-Win64-Shipping.exe,8048,0x17D20F500,DXGI,0,0,1,Hardware Composed: Independent Flip,Application,5836.4165,46.9736,46.6852,0.2884,89.3510,48.9083,-0.3624,5809.1102,NA,56.5492
Stalker2-Win64-Shipping.exe,8048,0x17D20F500,DXGI,0,0,1,Hardware Composed: Independent Flip,Application,5883.3901,47.7101,47.4409,0.2692,91.2857,47.6344,-1.9702,5856.0483,NA,58.5194
Stalker2-Win64-Shipping.exe,8048,0x17D20F500,DXGI,0,0,1,Hardware Composed: Independent Flip,Application,5931.1002,46.5607,46.3061,0.2546,91.2100,47.2022,-0.8678,5902.8149,NA,59.3872
Stalker2-Win64-Shipping.exe,8048,0x17D20F500,DXGI,0,0,1,Hardware Composed: Independent Flip,Application,5977.6609,46.8056,46.5386,0.2670,91.8515,45.9204,-0.6040,5949.4131,NA,59.9912
Stalker2-Win64-Shipping.exe,8048,0x17D20F500,DXGI,0,0,1,Hardware Composed: Independent Flip,Application,6024.4665,46.4718,46.2354,0.2364,90.9663,45.1141,0.6883,5996.0218,NA,59.3029
Stalker2-Win64-Shipping.exe,8048,0x17D20F500,DXGI,0,0,1,Hardware Composed: Independent Flip,Application,6070.9383,45.9697,45.6965,0.2732,89.6086,44.9909,1.4859,6042.6218,NA,57.8170
Stalker2-Win64-Shipping.exe,8048,0x17D20F500,DXGI,0,0,1,Hardware Composed: Independent Flip,Application,6116.9080,47.4947,47.2124,0.2823,88.6298,49.2093,2.1993,6089.8120,NA,55.6177
Stalker2-Win64-Shipping.exe,8048,0x17D20F500,DXGI,0,0,1,Hardware Composed: Independent Flip,Application,6164.4027,47.5121,47.2516,0.2605,90.3444,48.9345,-1.5229,6137.4984,NA,57.1406
Stalker2-Win64-Shipping.exe,8048,0x17D20F500,DXGI,0,0,1,Hardware Composed: Independent Flip,Application,6211.9148,47.7660,47.5161,0.2499,91.7668,46.4178,-0.8457,6185.5872,NA,57.9863
Stalker2-Win64-Shipping.exe,8048,0x17D20F500,DXGI,0,0,1,Hardware Composed: Independent Flip,Application,6259.6808,47.7560,47.4481,0.3079,90.4186,47.7643,1.3861,6233.3911,NA,56.6002
Stalker2-Win64-Shipping.exe,8048,0x17D20F500,DXGI,0,0,1,Hardware Composed: Independent Flip,Application,6307.4368,47.5204,47.1703,0.3501,90.4269,47.0560,-0.1956,6280.9598,NA,56.7958
Stalker2-Win64-Shipping.exe,8048,0x17D20F500,DXGI,0,0,1,Hardware Composed: Independent Flip,Application,6354.9572,48.0410,47.7393,0.3017,89.9625,47.9756,0.0696,6328.0854,NA,56.7262
Stalker2-Win64-Shipping.exe,8048,0x17D20F500,DXGI,0,0,1,Hardware Composed: Independent Flip,Application,6402.9982,47.2756,46.9865,0.2891,89.8971,45.7030,-0.5761,6375.4849,NA,57.3023
Stalker2-Win64-Shipping.exe,8048,0x17D20F500,DXGI,0,0,1,Hardware Composed: Independent Flip,Application,6450.2738,46.0028,45.7180,0.2848,88.3245,47.8513,1.2965,6422.4844,NA,56.0058
Stalker2-Win64-Shipping.exe,8048,0x17D20F500,DXGI,0,0,1,Hardware Composed: Independent Flip,Application,6496.2766,47.5504,47.2678,0.2826,90.1730,48.8044,-0.6095,6469.7262,NA,56.6153
Stalker2-Win64-Shipping.exe,8048,0x17D20F500,DXGI,0,0,1,Hardware Composed: Independent Flip,Application,6543.8270,46.9539,46.6752,0.2787,91.4270,45.3560,-1.5550,6516.9756,NA,58.1703
Stalker2-Win64-Shipping.exe,8048,0x17D20F500,DXGI,0,0,1,Hardware Composed: Independent Flip,Application,6590.7809,48.0061,47.6548,0.3513,89.8291,47.4858,1.6288,6563.9604,NA,56.5415
Stalker2-Win64-Shipping.exe,8048,0x17D20F500,DXGI,0,0,1,Hardware Composed: Independent Flip,Application,6638.7870,46.1698,45.8231,0.3467,89.3088,48.2178,-0.4161,6611.0301,NA,56.9576
Stalker2-Win64-Shipping.exe,8048,0x17D20F500,DXGI,0,0,1,Hardware Composed: Independent Flip,Application,6684.9568,46.9401,46.6612,0.2789,91.3568,45.6148,-1.1508,6658.0971,NA,58.1084
Stalker2-Win64-Shipping.exe,8048,0x17D20F500,DXGI,0,0,1,Hardware Composed: Independent Flip,Application,6731.8969,47.4894,47.2047,0.2847,90.0315,47.2011,1.4602,6705.1721,NA,56.6482
Stalker2-Win64-Shipping.exe,8048,0x17D20F500,DXGI,0,0,1,Hardware Composed: Independent Flip,Application,6779.3863,47.4720,47.1793,0.2927,89.7432,47.1512,0.3843,6752.7575,NA,56.2639
Stalker2-Win64-Shipping.exe,8048,0x17D20F500,DXGI,0,0,1,Hardware Composed: Independent Flip,Application,6826.8583,47.2998,47.0085,0.2913,89.4224,47.6211,0.0547,6799.9634,NA,56.2092
Stalker2-Win64-Shipping.exe,8048,0x17D20F500,DXGI,0,0,1,Hardware Composed: Independent Flip,Application,6874.1581,47.3585,47.0828,0.2757,89.7437,48.2423,-0.2317,6847.3528,NA,56.4409
Stalker2-Win64-Shipping.exe,8048,0x17D20F500,DXGI,0,0,1,Hardware Composed: Independent Flip,Application,6921.5166,48.2478,47.9269,0.3209,90.6275,47.8863,-0.4731,6895.1220,NA,56.9140
Stalker2-Win64-Shipping.exe,8048,0x17D20F500,DXGI,0,0,1,Hardware Composed: Independent Flip,Application,6969.7644,47.7257,47.4676,0.2581,90.2660,49.9791,-0.3870,6942.6213,NA,57.3010
Stalker2-Win64-Shipping.exe,8048,0x17D20F500,DXGI,0,0,1,Hardware Composed: Independent Flip,Application,7017.4901,47.3395,47.0542,0.2853,92.5194,47.0392,-2.6404,6989.9600,NA,59.9414
Stalker2-Win64-Shipping.exe,8048,0x17D20F500,DXGI,0,0,1,Hardware Composed: Independent Flip,Application,7064.8296,46.8366,46.5521,0.2845,92.2191,46.0443,0.0170,7037.0162,NA,59.9244
Stalker2-Win64-Shipping.exe,8048,0x17D20F500,DXGI,0,0,1,Hardware Composed: Independent Flip,Application,7111.6662,46.9000,46.5984,0.3016,91.4268,46.2055,0.9393,7083.9998,NA,58.9851
Stalker2-Win64-Shipping.exe,8048,0x17D20F500,DXGI,0,0,1,Hardware Composed: Independent Flip,Application,7158.5662,47.0379,46.7410,0.2969,90.7323,45.2009,0.8240,7131.0293,NA,58.1611
Stalker2-Win64-Shipping.exe,8048,0x17D20F500,DXGI,0,0,1,Hardware Composed: Independent Flip,Application,7205.6041,46.6993,46.4286,0.2707,88.8953,48.4333,1.7876,7178.0178,NA,56.3735
Stalker2-Win64-Shipping.exe,8048,0x17D20F500,DXGI,0,0,1,Hardware Composed: Independent Flip,Application,7252.3034,48.2079,47.9225,0.2854,90.6293,48.7263,-0.3076,7226.1435,NA,56.6811
Stalker2-Win64-Shipping.exe,8048,0x17D20F500,DXGI,0,0,1,Hardware Composed: Independent Flip,Application,7300.5113,47.9936,47.7188,0.2748,91.1477,47.6904,-0.7084,7274.1614,NA,57.3895
Stalker2-Win64-Shipping.exe,8048,0x17D20F500,DXGI,0,0,1,Hardware Composed: Independent Flip,Application,7348.5049,47.9788,47.6638,0.3150,90.8445,47.6483,0.5041,7322.3559,NA,56.8854
Stalker2-Win64-Shipping.exe,8048,0x17D20F500,DXGI,0,0,1,Hardware Composed: Independent Flip,Application,7396.4837,47.9030,47.5866,0.3164,90.5140,47.7871,0.1699,7370.1741,NA,56.7155
Stalker2-Win64-Shipping.exe,8048,0x17D20F500,DXGI,0,0,1,Hardware Composed: Independent Flip,Application,7444.3867,48.5223,48.0673,0.4550,90.3981,47.1321,-0.1521,7417.8091,NA,56.8676
Stalker2-Win64-Shipping.exe,8048,0x17D20F500,DXGI,0,0,1,Hardware Composed: Independent Flip,Application,7492.9090,46.9355,46.6138,0.3217,89.0079,46.5805,0.3157,7465.2569,NA,56.5519
Stalker2-Win64-Shipping.exe,8048,0x17D20F500,DXGI,0,0,1,Hardware Composed: Independent Flip,Application,7539.8445,47.0550,46.7503,0.3047,88.6529,48.5837,0.7650,7512.6024,NA,55.7869
Stalker2-Win64-Shipping.exe,8048,0x17D20F500,DXGI,0,0,1,Hardware Composed: Independent Flip,Application,7586.8995,47.8582,47.5549,0.3033,90.1816,47.5890,-1.0845,7560.1016,NA,56.8714
Stalker2-Win64-Shipping.exe,8048,0x17D20F500,DXGI,0,0,1,Hardware Composed: Independent Flip,Application,7634.7577,46.3709,46.1053,0.2656,89.9124,48.5293,-0.1882,7607.5024,NA,57.0596
Stalker2-Win64-Shipping.exe,8048,0x17D20F500,DXGI,0,0,1,Hardware Composed: Independent Flip,Application,7681.1286,48.3338,48.0011,0.3327,92.0708,47.1227,-1.2675,7654.7642,NA,58.3271
Stalker2-Win64-Shipping.exe,8048,0x17D20F500,DXGI,0,0,1,Hardware Composed: Independent Flip,Application,7729.4624,47.0277,46.7431,0.2846,90.8597,45.0164,-0.1802,7701.7067,NA,58.5073
Stalker2-Win64-Shipping.exe,8048,0x17D20F500,DXGI,0,0,1,Hardware Composed: Independent Flip,Application,7776.4901,46.2945,45.9833,0.3112,88.8484,46.4734,1.6379,7748.3610,NA,56.8694
Stalker2-Win64-Shipping.exe,8048,0x17D20F500,DXGI,0,0,1,Hardware Composed: Independent Flip,Application,7822.7846,46.4284,46.1416,0.2868,89.0273,46.6981,0.2655,7795.0999,NA,56.6039
Stalker2-Win64-Shipping.exe,8048,0x17D20F500,DXGI,0,0,1,Hardware Composed: Independent Flip,Application,7869.2130,47.1964,46.8564,0.3400,89.2970,48.5688,0.3248,7842.1228,NA,56.2791
Stalker2-Win64-Shipping.exe,8048,0x17D20F500,DXGI,0,0,1,Hardware Composed: Independent Flip,Application,7916.4094,47.7240,47.4336,0.2904,90.6694,47.8295,-0.9251,7889.7665,NA,57.2042
Stalker2-Win64-Shipping.exe,8048,0x17D20F500,DXGI,0,0,1,Hardware Composed: Independent Flip,Application,7964.1334,48.1319,47.8323,0.2996,90.7749,46.5657,-0.2586,7937.3374,NA,57.4628
Stalker2-Win64-Shipping.exe,8048,0x17D20F500,DXGI,0,0,1,Hardware Composed: Independent Flip,Application,8012.2653,46.9416,46.6597,0.2819,89.2087,47.2793,0.8230,7984.7261,NA,56.6398
Stalker2-Win64-Shipping.exe,8048,0x17D20F500,DXGI,0,0,1,Hardware Composed: Independent Flip,Application,8059.2069,46.8384,46.5563,0.2821,89.5464,47.0108,0.0344,8032.0398,NA,56.6054
Stalker2-Win64-Shipping.exe,8048,0x17D20F500,DXGI,0,0,1,Hardware Composed: Independent Flip,Application,8106.0453,47.3454,47.0739,0.2715,89.7188,47.7437,0.1740,8079.2246,NA,56.4314
Stalker2-Win64-Shipping.exe,8048,0x17D20F500,DXGI,0,0,1,Hardware Composed: Independent Flip,Application,8153.3907,47.9077,47.6228,0.2849,90.1171,47.7084,-0.3482,8126.6201,NA,56.7796
Stalker2-Win64-Shipping.exe,8048,0x17D20F500,DXGI,0,0,1,Hardware Composed: Independent Flip,Application,8201.2984,47.2579,46.9535,0.3044,89.9178,47.3171,-0.5215,8173.8070,NA,57.3011
Stalker2-Win64-Shipping.exe,8048,0x17D20F500,DXGI,0,0,1,Hardware Composed: Independent Flip,Application,8248.5563,46.6507,46.3595,0.2912,89.9770,46.1894,-0.2403,8220.8838,NA,57.5414
Stalker2-Win64-Shipping.exe,8048,0x17D20F500,DXGI,0,0,1,Hardware Composed: Independent Flip,Application,8295.2070,46.9962,46.6975,0.2987,89.5157,48.1861,1.2059,8268.2791,NA,56.3355
Stalker2-Win64-Shipping.exe,8048,0x17D20F500,DXGI,0,0,1,Hardware Composed: Independent Flip,Application,8342.2032,48.1772,47.9125,0.2647,90.7056,47.6517,-0.9928,8315.4724,NA,57.3283
Stalker2-Win64-Shipping.exe,8048,0x17D20F500,DXGI,0,0,1,Hardware Composed: Independent Flip,Application,8390.3804,45.7975,45.5233,0.2742,90.1801,45.4972,-0.4860,8362.6381,NA,57.8143
Stalker2-Win64-Shipping.exe,8048,0x17D20F500,DXGI,0,0,1,Hardware Composed: Independent Flip,Application,8436.1779,47.1510,46.8820,0.2690,89.8798,48.1140,1.4888,8409.6241,NA,56.3255
Stalker2-Win64-Shipping.exe,8048,0x17D20F500,DXGI,0,0,1,Hardware Composed: Independent Flip,Application,8483.3289,47.8274,47.4525,0.3749,90.8428,46.8633,-0.7526,8456.9855,NA,57.0781
Stalker2-Win64-Shipping.exe,8048,0x17D20F500,DXGI,0,0,1,Hardware Composed: Independent Flip,Application,8531.1563,47.2506,46.9897,0.2609,89.8787,47.1586,0.2862,8504.1350,NA,56.7919
Stalker2-Win64-Shipping.exe,8048,0x17D20F500,DXGI,0,0,1,Hardware Composed: Independent Flip,Application,8578.4069,46.8757,46.6006,0.2751,89.7867,47.9272,-0.0032,8551.2904,NA,56.7951
Stalker2-Win64-Shipping.exe,8048,0x17D20F500,DXGI,0,0,1,Hardware Composed: Independent Flip,Application,8625.2826,48.5302,48.2517,0.2785,90.8382,45.9569,-0.5354,8598.6822,NA,57.3305
Stalker2-Win64-Shipping.exe,8048,0x17D20F500,DXGI,0,0,1,Hardware Composed: Independent Flip,Application,8673.8128,46.3560,46.0729,0.2831,88.2649,50.7027,1.4828,8646.1219,NA,55.8477
Stalker2-Win64-Shipping.exe,8048,0x17D20F500,DXGI,0,0,1,Hardware Composed: Independent Flip,Application,8720.1688,48.3667,48.0808,0.2859,92.6116,49.3102,-3.3912,8693.4334,NA,59.2389
Stalker2-Win64-Shipping.exe,8048,0x17D20F500,DXGI,0,0,1,Hardware Composed: Independent Flip,Application,8768.5355,46.6835,46.3705,0.3130,93.5551,45.2823,-2.1795,8740.5641,NA,61.4184
Stalker2-Win64-Shipping.exe,8048,0x17D20F500,DXGI,0,0,1,Hardware Composed: Independent Flip,Application,8815.2190,46.5613,46.2808,0.2805,92.1539,46.4530,1.9027,8787.7491,NA,59.5157
Stalker2-Win64-Shipping.exe,8048,0x17D20F500,DXGI,0,0,1,Hardware Composed: Independent Flip,Application,8861.7803,46.9576,46.6746,0.2830,92.0456,45.2262,0.5265,8834.7286,NA,58.9892
Stalker2-Win64-Shipping.exe,8048,0x17D20F500,DXGI,0,0,1,Hardware Composed: Independent Flip,Application,8908.7379,47.4173,47.1382,0.2791,90.3142,46.4365,1.5397,8881.4945,NA,57.4495
Stalker2-Win64-Shipping.exe,8048,0x17D20F500,DXGI,0,0,1,Hardware Composed: Independent Flip,Application,8956.1552,47.3105,47.0077,0.3028,89.3334,48.1783,1.2507,8929.1817,NA,56.1988
Stalker2-Win64-Shipping.exe,8048,0x17D20F500,DXGI,0,0,1,Hardware Composed: Independent Flip,Application,9003.4657,47.7517,47.3732,0.3785,90.2012,48.6246,-0.3126,8977.0474,NA,56.5114
Stalker2-Win64-Shipping.exe,8048,0x17D20F500,DXGI,0,0,1,Hardware Composed: Independent Flip,Application,9051.2174,48.3174,47.9857,0.3317,91.0741,48.7760,-0.2452,9025.4268,NA,56.7566
Stalker2-Win64-Shipping.exe,8048,0x17D20F500,DXGI,0,0,1,Hardware Composed: Independent Flip,Application,9099.5348,48.5712,48.2717,0.2995,91.5327,47.0375,-0.6748,9073.5280,NA,57.4314
Stalker2-Win64-Shipping.exe,8048,0x17D20F500,DXGI,0,0,1,Hardware Composed: Independent Flip,Application,9148.1060,47.5635,47.2790,0.2845,89.9990,47.1553,0.7426,9121.3081,NA,56.6888
Stalker2-Win64-Shipping.exe,8048,0x17D20F500,DXGI,0,0,1,Hardware Composed: Independent Flip,Application,9195.6695,47.2918,47.0249,0.2669,89.5908,48.7463,0.3369,9168.8003,NA,56.3519
Stalker2-Win64-Shipping.exe,8048,0x17D20F500,DXGI,0,0,1,Hardware Composed: Independent Flip,Application,9242.9613,47.9622,47.6169,0.3453,91.0453,45.2614,-1.2334,9216.3132,NA,57.5853
Stalker2-Win64-Shipping.exe,8048,0x17D20F500,DXGI,0,0,1,Hardware Composed: Independent Flip,Application,9290.9235,46.5387,46.2511,0.2876,88.3445,49.0394,1.9594,9263.5340,NA,55.6259
Stalker2-Win64-Shipping.exe,8048,0x17D20F500,DXGI,0,0,1,Hardware Composed: Independent Flip,Application,9337.4622,48.0970,47.7733,0.3237,90.8452,50.3919,-1.6016,9310.9718,NA,57.2275
Stalker2-Win64-Shipping.exe,8048,0x17D20F500,DXGI,0,0,1,Hardware Composed: Independent Flip,Application,9385.5592,46.6500,46.3915,0.2585,93.1401,44.2100,-3.0460,9358.3177,NA,60.2735
Stalker2-Win64-Shipping.exe,8048,0x17D20F500,DXGI,0,0,1,Hardware Composed: Independent Flip,Application,9432.2092,47.1742,46.8988,0.2754,90.7001,46.3073,3.0316,9405.5593,NA,57.2419
Stalker2-Win64-Shipping.exe,8048,0x17D20F500,DXGI,0,0,1,Hardware Composed: Independent Flip,Application,9479.3834,47.7314,47.4403,0.2911,89.8332,48.1821,1.0897,9452.9563,NA,56.1522
Stalker2-Win64-Shipping.exe,8048,0x17D20F500,DXGI,0,0,1,Hardware Composed: Independent Flip,Application,9527.1148,46.8980,46.6257,0.2723,90.2839,46.3518,-1.1212,9500.0172,NA,57.2734
Stalker2-Win64-Shipping.exe,8048,0x17D20F500,DXGI,0,0,1,Hardware Composed: Independent Flip,Application,9574.0128,46.7733,46.5101,0.2632,89.7377,47.6411,0.8317,9547.2007,NA,56.4417
Stalker2-Win64-Shipping.exe,8048,0x17D20F500,DXGI,0,0,1,Hardware Composed: Independent Flip,Application,9620.7861,48.4653,48.1814,0.2839,90.6055,49.6519,0.3291,9595.1709,NA,56.1126
Stalker2-Win64-Shipping.exe,8048,0x17D20F500,DXGI,0,0,1,Hardware Composed: Independent Flip,Application,9669.2514,48.9253,48.6092,0.3161,91.7921,45.8419,-1.8260,9642.9968,NA,57.9386
Stalker2-Win64-Shipping.exe,8048,0x17D20F500,DXGI,0,0,1,Hardware Composed: Independent Flip,Application,9718.1767,46.1416,45.8349,0.3067,88.7087,48.1714,1.6383,9690.4770,NA,56.3003
Stalker2-Win64-Shipping.exe,8048,0x17D20F500,DXGI,0,0,1,Hardware Composed: Independent Flip,Application,9764.3183,47.6846,47.3940,0.2906,90.7385,48.3317,-0.7484,9737.9000,NA,57.0487
Stalker2-Win64-Shipping.exe,8048,0x17D20F500,DXGI,0,0,1,Hardware Composed: Independent Flip,Application,9812.0029,48.0956,47.7779,0.3177,91.3856,46.4703,-0.8158,9785.4159,NA,57.8645
Stalker2-Win64-Shipping.exe,8048,0x17D20F500,DXGI,0,0,1,Hardware Composed: Independent Flip,Application,9860.0985,46.9850,46.6024,0.3826,89.7603,48.0766,0.7679,9832.6541,NA,57.0966
Stalker2-Win64-Shipping.exe,8048,0x17D20F500,DXGI,0,0,1,Hardware Composed: Independent Flip,Application,9907.0835,47.2594,46.9331,0.3263,90.8519,46.9576,-0.8063,9879.9244,NA,57.9029
Stalker2-Win64-Shipping.exe,8048,0x17D20F500,DXGI,0,0,1,Hardware Composed: Independent Flip,Application,9954.3429,46.8708,46.5930,0.2778,90.5501,46.6574,-0.0035,9926.8785,NA,57.9064
Stalker2-Win64-Shipping.exe,8048,0x17D20F500,DXGI,0,0,1,Hardware Composed: Independent Flip,Application,10001.2137,47.1771,46.9286,0.2485,90.3367,46.0274,0.6449,9974.1808,NA,57.2615
Stalker2-Win64-Shipping.exe,8048,0x17D20F500,DXGI,0,0,1,Hardware Composed: Independent Flip,Application,10048.3908,46.9700,46.7050,0.2650,89.1870,47.2268,1.1012,10021.3094,NA,56.1603
Stalker2-Win64-Shipping.exe,8048,0x17D20F500,DXGI,0,0,1,Hardware Composed: Independent Flip,Application,10095.3608,47.0228,46.7543,0.2685,89.4438,49.7994,0.1222,10068.6584,NA,56.0381
Stalker2-Win64-Shipping.exe,8048,0x17D20F500,DXGI,0,0,1,Hardware Composed: Independent Flip,Application,10142.3836,48.8142,48.4880,0.3262,92.2204,47.0381,-2.1152,10116.3426,NA,58.1533
Stalker2-Win64-Shipping.exe,8048,0x17D20F500,DXGI,0,0,1,Hardware Composed: Independent Flip,Application,10191.1978,47.4765,47.1831,0.2934,90.4443,46.8093,0.9555,10164.3362,NA,57.1978
Stalker2-Win64-Shipping.exe,8048,0x17D20F500,DXGI,0,0,1,Hardware Composed: Independent Flip,Application,10238.6743,48.0187,47.7121,0.3066,89.7771,47.9185,1.1601,10212.3056,NA,56.0377
Stalker2-Win64-Shipping.exe,8048,0x17D20F500,DXGI,0,0,1,Hardware Composed: Independent Flip,Application,10286.6930,47.0831,46.7613,0.3218,89.6769,48.7758,-0.3103,10259.9138,NA,56.3480
Stalker2-Win64-Shipping.exe,8048,0x17D20F500,DXGI,0,0,1,Hardware Composed: Independent Flip,Application,10333.7761,48.0616,47.7548,0.3068,91.3696,46.6824,-1.3766,10307.3130,NA,57.7246
Stalker2-Win64-Shipping.exe,8048,0x17D20F500,DXGI,0,0,1,Hardware Composed: Independent Flip,Application,10381.8377,47.0790,46.8056,0.2734,89.9904,47.4159,0.7619,10354.7573,NA,56.9627
Stalker2-Win64-Shipping.exe,8048,0x17D20F500,DXGI,0,0,1,Hardware Composed: Independent Flip,Application,10428.9167,48.1412,47.8711,0.2701,90.3273,48.5324,0.0065,10402.1797,NA,56.9562
Stalker2-Win64-Shipping.exe,8048,0x17D20F500,DXGI,0,0,1,Hardware Composed: Independent Flip,Application,10477.0579,46.4504,46.1847,0.2657,90.7185,47.3430,-1.3251,10449.3870,NA,58.2813
Stalker2-Win64-Shipping.exe,8048,0x17D20F500,DXGI,0,0,1,Hardware Composed: Independent Flip,Application,10523.5083,47.5640,47.2882,0.2758,91.6111,45.7215,-0.2327,10496.4973,NA,58.5140
Stalker2-Win64-Shipping.exe,8048,0x17D20F500,DXGI,0,0,1,Hardware Composed: Independent Flip,Application,10571.0723,46.4381,46.1478,0.2903,89.7686,46.5421,1.5025,10543.7213,NA,57.0115
Stalker2-Win64-Shipping.exe,8048,0x17D20F500,DXGI,0,0,1,Hardware Composed: Independent Flip,Application,10617.5104,48.1681,47.9003,0.2678,89.8726,48.1466,0.5159,10590.7793,NA,56.4956
Stalker2-Win64-Shipping.exe,8048,0x17D20F500,DXGI,0,0,1,Hardware Composed: Independent Flip,Application,10665.6785,46.8654,46.5998,0.2656,89.8511,46.5625,-1.2314,10637.6945,NA,57.7270
Stalker2-Win64-Shipping.exe,8048,0x17D20F500,DXGI,0,0,1,Hardware Composed: Independent Flip,Application,10712.5439,47.4158,47.0931,0.3227,89.5482,48.1921,0.7236,10684.9806,NA,57.0034
Stalker2-Win64-Shipping.exe,8048,0x17D20F500,DXGI,0,0,1,Hardware Composed: Independent Flip,Application,10759.9597,46.7972,46.4964,0.3008,90.3245,47.4529,-0.4355,10732.7372,NA,57.4389
Stalker2-Win64-Shipping.exe,8048,0x17D20F500,DXGI,0,0,1,Hardware Composed: Independent Flip,Application,10806.7569,47.5562,47.2492,0.3070,90.9802,45.7663,-0.0215,10780.1686,NA,57.4604
Stalker2-Win64-Shipping.exe,8048,0x17D20F500,DXGI,0,0,1,Hardware Composed: Independent Flip,Application,10854.3131,46.9118,46.6030,0.3088,89.1903,47.3320,1.3399,10827.2748,NA,56.1205
Stalker2-Win64-Shipping.exe,8048,0x17D20F500,DXGI,0,0,1,Hardware Composed: Independent Flip,Application,10901.2249,47.4860,47.1574,0.3286,89.6105,48.5209,-0.3411,10874.2657,NA,56.4616
Stalker2-Win64-Shipping.exe,8048,0x17D20F500,DXGI,0,0,1,Hardware Composed: Independent Flip,Application,10948.7109,47.3605,46.9691,0.3914,90.6454,45.7635,-1.6833,10921.1033,NA,58.1449
Stalker2-Win64-Shipping.exe,8048,0x17D20F500,DXGI,0,0,1,Hardware Composed: Independent Flip,Application,10996.0714,46.5654,46.2914,0.2740,89.0484,47.3574,1.6221,10968.4889,NA,56.5228
Stalker2-Win64-Shipping.exe,8048,0x17D20F500,DXGI,0,0,1,Hardware Composed: Independent Flip,Application,11042.6368,47.4444,47.1808,0.2636,89.8404,48.8227,0.2219,11016.0682,NA,56.3009
Stalker2-Win64-Shipping.exe,8048,0x17D20F500,DXGI,0,0,1,Hardware Composed: Independent Flip,Application,11090.0812,47.2717,46.9954,0.2763,91.2187,47.0437,-1.5155,11063.3754,NA,57.8164
Stalker2-Win64-Shipping.exe,8048,0x17D20F500,DXGI,0,0,1,Hardware Composed: Independent Flip,Application,11137.3529,47.9309,47.5924,0.3385,90.9907,47.0745,0.2855,11110.7046,NA,57.5309
Stalker2-Win64-Shipping.exe,8048,0x17D20F500,DXGI,0,0,1,Hardware Composed: Independent Flip,Application,11185.2838,47.6724,47.3395,0.3329,90.1343,47.3828,0.5400,11158.3191,NA,56.9909
Stalker2-Win64-Shipping.exe,8048,0x17D20F500,DXGI,0,0,1,Hardware Composed: Independent Flip,Application,11232.9562,47.1119,46.8225,0.2894,89.8447,46.7295,0.0794,11205.7813,NA,56.9115
Stalker2-Win64-Shipping.exe,8048,0x17D20F500,DXGI,0,0,1,Hardware Composed: Independent Flip,Application,11280.0681,46.8824,46.5730,0.3094,89.4623,47.7090,0.5254,11253.0362,NA,56.3861
Stalker2-Win64-Shipping.exe,8048,0x17D20F500,DXGI,0,0,1,Hardware Composed: Independent Flip,Application,11326.9505,48.0301,47.7616,0.2685,90.2889,47.2545,-0.2680,11300.4772,NA,56.6541
Stalker2-Win64-Shipping.exe,8048,0x17D20F500,DXGI,0,0,1,Hardware Composed: Independent Flip,Application,11374.9806,47.1267,46.8095,0.3172,89.5133,47.4988,0.3134,11348.0451,NA,56.3407
Stalker2-Win64-Shipping.exe,8048,0x17D20F500,DXGI,0,0,1,Hardware Composed: Independent Flip,Application,11422.1073,47.5753,47.3234,0.2519,89.8854,48.4567,0.0108,11395.5547,NA,56.3299
Stalker2-Win64-Shipping.exe,8048,0x17D20F500,DXGI,0,0,1,Hardware Composed: Independent Flip,Application,11469.6826,47.8067,47.5275,0.2792,90.7668,46.7819,-1.1054,11442.9060,NA,57.4353
Stalker2-Win64-Shipping.exe,8048,0x17D20F500,DXGI,0,0,1,Hardware Composed: Independent Flip,Application,11517.4893,47.0642,46.7680,0.2962,89.7420,47.8931,0.5807,11490.2686,NA,56.8546
Stalker2-Win64-Shipping.exe,8048,0x17D20F500,DXGI,0,0,1,Hardware Composed: Independent Flip,Application,11564.5535,46.9814,46.6586,0.3228,90.5709,46.4422,-0.8013,11537.3604,NA,57.6559
Stalker2-Win64-Shipping.exe,8048,0x17D20F500,DXGI,0,0,1,Hardware Composed: Independent Flip,Application,11611.5349,47.0307,46.7615,0.2692,90.0317,47.5052,0.5817,11584.3843,NA,57.0742
Stalker2-Win64-Shipping.exe,8048,0x17D20F500,DXGI,0,0,1,Hardware Composed: Independent Flip,Application,11658.5656,46.9857,46.6544,0.3313,90.5062,46.8762,-0.4206,11631.4689,NA,57.4948
Stalker2-Win64-Shipping.exe,8048,0x17D20F500,DXGI,0,0,1,Hardware Composed: Independent Flip,Application,11705.5513,47.1162,46.8304,0.2858,90.3967,47.1066,0.3749,11678.7200,NA,57.1199
Stalker2-Win64-Shipping.exe,8048,0x17D20F500,DXGI,0,0,1,Hardware Composed: Independent Flip,Application,11752.6675,47.6913,47.3963,0.2950,90.3871,48.0212,0.2080,11726.0346,NA,56.9119
Stalker2-Win64-Shipping.exe,8048,0x17D20F500,DXGI,0,0,1,Hardware Composed: Independent Flip,Application,11800.3588,47.4347,47.1651,0.2696,90.7170,46.5462,-0.2407,11773.8151,NA,57.1526
Stalker2-Win64-Shipping.exe,8048,0x17D20F500,DXGI,0,0,1,Hardware Composed: Independent Flip,Application,11847.7935,48.0319,47.7483,0.2836,89.8285,49.1713,1.0447,11821.4060,NA,56.1079
Stalker2-Win64-Shipping.exe,8048,0x17D20F500,DXGI,0,0,1,Hardware Composed: Independent Flip,Application,11895.8254,47.8045,47.5088,0.2957,90.9679,48.0562,-1.2254,11869.3519,NA,57.3333
Stalker2-Win64-Shipping.exe,8048,0x17D20F500,DXGI,0,0,1,Hardware Composed: Independent Flip,Application,11943.6299,47.0607,46.7385,0.3222,91.2196,46.4162,-0.5278,11916.8803,NA,57.8611
Stalker2-Win64-Shipping.exe,8048,0x17D20F500,DXGI,0,0,1,Hardware Composed: Independent Flip,Application,11990.6906,48.2475,48.0062,0.2413,90.5751,46.5018,1.0333,11964.3298,NA,56.8278
Stalker2-Win64-Shipping.exe,8048,0x17D20F500,DXGI,0,0,1,Hardware Composed: Independent Flip,Application,12038.9381,46.5366,46.2595,0.2771,88.8294,47.0365,0.7038,12011.5354,NA,56.1240
Stalker2-Win64-Shipping.exe,8048,0x17D20F500,DXGI,0,0,1,Hardware Composed: Independent Flip,Application,12085.4747,46.7127,46.3550,0.3577,89.3293,46.7473,-0.1970,12058.3749,NA,56.3210
Stalker2-Win64-Shipping.exe,8048,0x17D20F500,DXGI,0,0,1,Hardware Composed: Independent Flip,Application,12132.1874,47.4560,47.1855,0.2705,89.3639,47.9566,0.5020,12105.6242,NA,55.8190
Stalker2-Win64-Shipping.exe,8048,0x17D20F500,DXGI,0,0,1,Hardware Composed: Independent Flip,Application,12179.6434,47.8299,47.5850,0.2449,89.8645,50.5141,-0.3013,12153.2795,NA,56.1203
Stalker2-Win64-Shipping.exe,8048,0x17D20F500,DXGI,0,0,1,Hardware Composed: Independent Flip,Application,12227.4733,47.7111,47.4403,0.2708,92.5487,46.1907,-3.1975,12200.5961,NA,59.3178
Stalker2-Win64-Shipping.exe,8048,0x17D20F500,DXGI,0,0,1,Hardware Composed: Independent Flip,Application,12275.1844,47.1314,46.8968,0.2346,91.0283,45.8165,1.0123,12247.7991,NA,58.3055
Stalker2-Win64-Shipping.exe,8048,0x17D20F500,DXGI,0,0,1,Hardware Composed: Independent Flip,Application,12322.3158,47.3134,47.0613,0.2521,89.7134,46.7021,1.3893,12295.0049,NA,56.9162
Stalker2-Win64-Shipping.exe,8048,0x17D20F500,DXGI,0,0,1,Hardware Composed: Independent Flip,Application,12369.6292,46.3380,46.0489,0.2891,89.1021,46.4469,0.2707,12341.9777,NA,56.6455
Stalker2-Win64-Shipping.exe,8048,0x17D20F500,DXGI,0,0,1,Hardware Composed: Independent Flip,Application,12415.9672,47.2918,46.9857,0.3061,89.2110,47.9390,0.3861,12388.8107,NA,56.2594
Stalker2-Win64-Shipping.exe,8048,0x17D20F500,DXGI,0,0,1,Hardware Composed: Independent Flip,Application,12463.2590,47.3185,47.0345,0.2840,89.8582,48.6706,-0.2949,12436.4548,NA,56.5543
Stalker2-Win64-Shipping.exe,8048,0x17D20F500,DXGI,0,0,1,Hardware Composed: Independent Flip,Application,12510.5775,48.5130,48.1956,0.3174,91.2103,48.7883,-1.1268,12483.9986,NA,57.6811
Stalker2-Win64-Shipping.exe,8048,0x17D20F500,DXGI,0,0,1,Hardware Composed: Independent Flip,Application,12559.0905,46.3100,46.0599,0.2501,91.4856,45.4998,-1.3809,12531.4060,NA,59.0620
Stalker2-Win64-Shipping.exe,8048,0x17D20F500,DXGI,0,0,1,Hardware Composed: Independent Flip,Application,12605.4005,47.7783,47.5126,0.2657,90.6754,46.0784,1.5964,12578.5022,NA,57.4656
Stalker2-Win64-Shipping.exe,8048,0x17D20F500,DXGI,0,0,1,Hardware Composed: Independent Flip,Application,12653.1788,46.1390,45.8585,0.2805,88.9755,47.6000,0.9411,12625.5217,NA,56.5245
Stalker2-Win64-Shipping.exe,8048,0x17D20F500,DXGI,0,0,1,Hardware Composed: Independent Flip,Application,12699.3178,47.3666,47.0577,0.3089,90.4365,47.1736,-0.6961,12672.4256,NA,57.2206
Stalker2-Win64-Shipping.exe,8048,0x17D20F500,DXGI,0,0,1,Hardware Composed: Independent Flip,Application,12746.6844,48.4926,48.2117,0.2809,90.2435,47.8460,-0.0782,12719.5210,NA,57.2988
Stalker2-Win64-Shipping.exe,8048,0x17D20F500,DXGI,0,0,1,Hardware Composed: Independent Flip,Application,12795.1770,46.0669,45.8220,0.2449,89.5969,45.6448,-0.1831,12767.1839,NA,57.4819
Stalker2-Win64-Shipping.exe,8048,0x17D20F500,DXGI,0,0,1,Hardware Composed: Independent Flip,Application,12841.2439,47.0859,46.7136,0.3723,89.1748,49.4858,2.0214,12814.8501,NA,55.4605
Stalker2-Win64-Shipping.exe,8048,0x17D20F500,DXGI,0,0,1,Hardware Composed: Independent Flip,Application,12888.3298,48.5508,48.1847,0.3661,91.5747,48.5989,-1.9100,12862.4259,NA,57.3705
Stalker2-Win64-Shipping.exe,8048,0x17D20F500,DXGI,0,0,1,Hardware Composed: Independent Flip,Application,12936.8806,47.1300,46.8252,0.3048,91.6228,45.9761,-0.7352,12910.2896,NA,58.1057
Stalker2-Win64-Shipping.exe,8048,0x17D20F500,DXGI,0,0,1,Hardware Composed: Independent Flip,Application,12984.0106,48.0706,47.7642,0.3064,90.4689,46.8430,1.3827,12957.6484,NA,56.7230
Stalker2-Win64-Shipping.exe,8048,0x17D20F500,DXGI,0,0,1,Hardware Composed: Independent Flip,Application,13032.0812,46.8533,46.5834,0.2699,89.2413,47.4223,0.6811,13005.1725,NA,56.0419
Stalker2-Win64-Shipping.exe,8048,0x17D20F500,DXGI,0,0,1,Hardware Composed: Independent Flip,Application,13078.9345,47.5969,47.3215,0.2754,89.8103,47.7463,-0.2592,13052.3356,NA,56.3011
Stalker2-Win64-Shipping.exe,8048,0x17D20F500,DXGI,0,0,1,Hardware Composed: Independent Flip,Application,13126.5314,47.0154,46.6960,0.3194,89.9597,47.1491,-0.2817,13099.8002,NA,56.5828
Stalker2-Win64-Shipping.exe,8048,0x17D20F500,DXGI,0,0,1,Hardware Composed: Independent Flip,Application,13173.5468,47.9394,47.6443,0.2951,90.0934,49.1571,0.3156,13147.2649,NA,56.2672
Stalker2-Win64-Shipping.exe,8048,0x17D20F500,DXGI,0,0,1,Hardware Composed: Independent Flip,Application,13221.4862,48.0696,47.8156,0.2540,91.3111,45.8350,-1.8755,13194.5465,NA,58.1427
Stalker2-Win64-Shipping.exe,8048,0x17D20F500,DXGI,0,0,1,Hardware Composed: Independent Flip,Application,13269.5558,45.8069,45.5042,0.3027,89.0765,47.0640,1.1024,13241.4839,NA,57.0403
Stalker2-Win64-Shipping.exe,8048,0x17D20F500,DXGI,0,0,1,Hardware Composed: Independent Flip,Application,13315.3627,47.3609,47.0868,0.2741,90.3336,48.0118,-0.1650,13288.3829,NA,57.2053
Stalker2-Win64-Shipping.exe,8048,0x17D20F500,DXGI,0,0,1,Hardware Composed: Independent Flip,Application,13362.7236,46.4336,46.1353,0.2983,90.9845,44.8378,-1.2798,13335.1149,NA,58.4851
Stalker2-Win64-Shipping.exe,8048,0x17D20F500,DXGI,0,0,1,Hardware Composed: Independent Flip,Application,13409.1572,46.4975,46.2268,0.2707,89.3887,46.2907,1.8361,13381.7888,NA,56.6490
Stalker2-Win64-Shipping.exe,8048,0x17D20F500,DXGI,0,0,1,Hardware Composed: Independent Flip,Application,13455.6547,47.5572,47.2751,0.2821,89.1819,49.1321,0.7880,13428.8675,NA,55.8610
Stalker2-Win64-Shipping.exe,8048,0x17D20F500,DXGI,0,0,1,Hardware Composed: Independent Flip,Application,13503.2119,47.8883,47.6317,0.2566,90.7568,45.8995,-1.8832,13476.1164,NA,57.7442
Stalker2-Win64-Shipping.exe,8048,0x17D20F500,DXGI,0,0,1,Hardware Composed: Independent Flip,Application,13551.1002,46.2739,45.9425,0.3314,88.7680,48.8131,1.5502,13523.5661,NA,56.1940
Stalker2-Win64-Shipping.exe,8048,0x17D20F500,DXGI,0,0,1,Hardware Composed: Independent Flip,Application,13597.3741,49.0027,48.7057,0.2970,91.3072,49.3030,-0.8639,13571.5153,NA,57.0579
Stalker2-Win64-Shipping.exe,8048,0x17D20F500,DXGI,0,0,1,Hardware Composed: Independent Flip,Application,13646.3768,47.0552,46.7784,0.2768,91.6075,46.0259,-1.6776,13619.1407,NA,58.7355
Stalker2-Win64-Shipping.exe,8048,0x17D20F500,DXGI,0,0,1,Hardware Composed: Independent Flip,Application,13693.4320,47.0682,46.7887,0.2795,90.5782,46.6381,1.2096,13666.3762,NA,57.5259
Stalker2-Win64-Shipping.exe,8048,0x17D20F500,DXGI,0,0,1,Hardware Composed: Independent Flip,Application,13740.5002,48.0120,47.7302,0.2818,90.1481,47.3306,0.5060,13713.5203,NA,57.0199
Stalker2-Win64-Shipping.exe,8048,0x17D20F500,DXGI,0,0,1,Hardware Composed: Independent Flip,Application,13788.5122,47.0203,46.7388,0.2815,89.4667,45.1633,-0.1958,13760.6551,NA,57.2157
Stalker2-Win64-Shipping.exe,8048,0x17D20F500,DXGI,0,0,1,Hardware Composed: Independent Flip,Application,13835.5325,46.0910,45.6828,0.4082,87.6097,48.7834,1.8392,13807.6576,NA,55.3765
Stalker2-Win64-Shipping.exe,8048,0x17D20F500,DXGI,0,0,1,Hardware Composed: Independent Flip,Application,13881.6235,47.3890,47.0838,0.3052,90.3021,50.2535,-1.4260,13855.0150,NA,56.8025
Stalker2-Win64-Shipping.exe,8048,0x17D20F500,DXGI,0,0,1,Hardware Composed: Independent Flip,Application,13929.0125,60.7778,60.2497,0.5281,93.1666,44.4866,-2.5552,13902.7133,NA,59.3577
Stalker2-Win64-Shipping.exe,8048,0x17D20F500,DXGI,0,0,1,Hardware Composed: Independent Flip,Application,13989.7903,34.0700,33.7852,0.2848,76.8754,47.4847,2.9559,13950.1558,NA,56.4018
Stalker2-Win64-Shipping.exe,8048,0x17D20F500,DXGI,0,0,1,Hardware Composed: Independent Flip,Application,14023.8603,47.7027,47.3610,0.3417,90.2901,48.4569,-0.1440,13997.4965,NA,56.5458
Stalker2-Win64-Shipping.exe,8048,0x17D20F500,DXGI,0,0,1,Hardware Composed: Independent Flip,Application,14071.5630,47.0906,46.8011,0.2895,91.0443,46.2055,-1.4281,14044.5253,NA,57.9739
Stalker2-Win64-Shipping.exe,8048,0x17D20F500,DXGI,0,0,1,Hardware Composed: Independent Flip,Application,14118.6536,47.4558,47.1598,0.2960,90.1592,46.1929,1.1954,14091.9262,NA,56.7785
Stalker2-Win64-Shipping.exe,8048,0x17D20F500,DXGI,0,0,1,Hardware Composed: Independent Flip,Application,14166.1094,47.0648,46.7520,0.3128,88.8963,48.2188,1.4832,14139.6023,NA,55.2953
Stalker2-Win64-Shipping.exe,8048,0x17D20F500,DXGI,0,0,1,Hardware Composed: Independent Flip,Application,14213.1742,48.1375,47.8331,0.3044,90.0503,49.7488,-0.4895,14187.3316,NA,55.7848
Stalker2-Win64-Shipping.exe,8048,0x17D20F500,DXGI,0,0,1,Hardware Composed: Independent Flip,Application,14261.3117,47.9527,47.7001,0.2526,91.6616,46.3811,-2.0580,14235.0224,NA,57.8428
Stalker2-Win64-Shipping.exe,8048,0x17D20F500,DXGI,0,0,1,Hardware Composed: Independent Flip,Application,14309.2644,47.5099,47.2335,0.2764,90.0900,47.5057,1.3215,14282.7250,NA,56.5213
Stalker2-Win64-Shipping.exe,8048,0x17D20F500,DXGI,0,0,1,Hardware Composed: Independent Flip,Application,14356.7743,47.8069,47.5076,0.2993,90.0858,48.2976,0.0254,14330.2561,NA,56.4959
Stalker2-Win64-Shipping.exe,8048,0x17D20F500,DXGI,0,0,1,Hardware Composed: Independent Flip,Application,14404.5812,47.3024,47.0083,0.2941,90.5765,45.9703,-1.0814,14377.4723,NA,57.5773
Stalker2-Win64-Shipping.exe,8048,0x17D20F500,DXGI,0,0,1,Hardware Composed: Independent Flip,Application,14451.8836,46.6811,46.3661,0.3150,89.2444,48.0912,0.9705,14424.4131,NA,56.6068
Stalker2-Win64-Shipping.exe,8048,0x17D20F500,DXGI,0,0,1,Hardware Composed: Independent Flip,Application,14498.5647,47.5213,47.2547,0.2666,90.6545,47.0170,-0.7749,14471.7294,NA,57.3817
Stalker2-Win64-Shipping.exe,8048,0x17D20F500,DXGI,0,0,1,Hardware Composed: Independent Flip,Application,14546.0860,47.3015,46.9843,0.3172,90.1502,46.1282,0.2334,14518.9798,NA,57.1483
Stalker2-Win64-Shipping.exe,8048,0x17D20F500,DXGI,0,0,1,Hardware Composed: Independent Flip,Application,14593.3875,46.8575,46.5955,0.2620,88.9769,47.5084,0.9279,14566.0359,NA,56.2204
Stalker2-Win64-Shipping.exe,8048,0x17D20F500,DXGI,0,0,1,Hardware Composed: Independent Flip,Application,14640.2450,46.9321,46.6213,0.3108,89.6278,47.7196,-0.3030,14613.2413,NA,56.5234
Stalker2-Win64-Shipping.exe,8048,0x17D20F500,DXGI,0,0,1,Hardware Composed: Independent Flip,Application,14687.1771,47.1642,46.8743,0.2899,90.4153,47.3201,-0.5143,14660.4466,NA,57.0377
Stalker2-Win64-Shipping.exe,8048,0x17D20F500,DXGI,0,0,1,Hardware Composed: Independent Flip,Application,14734.3413,48.1629,47.8916,0.2713,90.5712,46.7766,0.2081,14707.9748,NA,56.8296
Stalker2-Win64-Shipping.exe,8048,0x17D20F500,DXGI,0,0,1,Hardware Composed: Independent Flip,Application,14782.5042,46.8079,46.5356,0.2723,89.1849,48.2029,0.6165,14755.3679,NA,56.2131
